ticket_id,customer_region,account_type
TKT00000,India,Premium
TKT00001,US,Free
TKT00002,India,Free
TKT00003,Canada,Free
TKT00004,UK,Free
TKT00005,US,Free
TKT00006,UK,Free
TKT00007,Canada,Premium
TKT00008,India,Enterprise
TKT00009,Canada,Free
TKT00010,India,Premium
TKT00011,India,Free
TKT00012,Canada,Premium
TKT00013,US,Premium
TKT00014,US,Premium
TKT00015,US,Free
TKT00016,Canada,Free
TKT00017,UK,Free
TKT00018,Canada,Enterprise
TKT00019,UK,Premium
TKT00020,UK,Premium
TKT00021,US,Free
TKT00022,India,Premium
TKT00023,US,Free
TKT00024,Canada,Premium
TKT00025,Canada,Free
TKT00026,India,Premium
TKT00027,US,Free
TKT00028,US,Enterprise
TKT00029,India,Premium
TKT00030,Canada,Premium
TKT00031,India,Free
TKT00032,US,Enterprise
TKT00033,Canada,Free
TKT00034,Canada,Free
TKT00035,India,Enterprise
TKT00036,Canada,Premium
TKT00037,Canada,Free
TKT00038,Canada,Free
TKT00039,Canada,Premium
TKT00040,UK,Free
TKT00041,UK,Free
TKT00042,Canada,Free
TKT00043,US,Enterprise
TKT00044,Canada,Enterprise
TKT00045,Canada,Enterprise
TKT00046,UK,Enterprise
TKT00047,UK,Free
TKT00048,UK,Premium
TKT00049,US,Free
TKT00050,US,Free
TKT00051,India,Free
TKT00052,India,Premium
TKT00053,India,Enterprise
TKT00054,Canada,Free
TKT00055,US,Free
TKT00056,UK,Enterprise
TKT00057,Canada,Free
TKT00058,Canada,Free
TKT00059,India,Enterprise
TKT00060,India,Free
TKT00061,US,Free
TKT00062,India,Enterprise
TKT00063,Canada,Free
TKT00064,UK,Premium
TKT00065,US,Free
TKT00066,UK,Free
TKT00067,UK,Premium
TKT00068,UK,Free
TKT00069,US,Premium
TKT00070,UK,Premium
TKT00071,Canada,Premium
TKT00072,Canada,Free
TKT00073,US,Free
TKT00074,India,Enterprise
TKT00075,India,Enterprise
TKT00076,UK,Premium
TKT00077,Canada,Free
TKT00078,US,Premium
TKT00079,UK,Enterprise
TKT00080,UK,Free
TKT00081,India,Free
TKT00082,India,Enterprise
TKT00083,Canada,Free
TKT00084,India,Free
TKT00085,Canada,Enterprise
TKT00086,Canada,Free
TKT00087,US,Free
TKT00088,US,Premium
TKT00089,India,Free
TKT00090,US,Free
TKT00091,UK,Enterprise
TKT00092,India,Enterprise
TKT00093,US,Free
TKT00094,UK,Free
TKT00095,UK,Free
TKT00096,Canada,Premium
TKT00097,Canada,Enterprise
TKT00098,India,Premium
TKT00099,Canada,Free
TKT00100,UK,Free
TKT00101,India,Free
TKT00102,US,Enterprise
TKT00103,India,Premium
TKT00104,UK,Premium
TKT00105,UK,Free
TKT00106,Canada,Free
TKT00107,UK,Free
TKT00108,US,Premium
TKT00109,Canada,Premium
TKT00110,US,Premium
TKT00111,US,Free
TKT00112,US,Free
TKT00113,India,Free
TKT00114,Canada,Enterprise
TKT00115,US,Free
TKT00116,India,Free
TKT00117,US,Premium
TKT00118,Canada,Free
TKT00119,India,Free
TKT00120,India,Free
TKT00121,UK,Free
TKT00122,UK,Enterprise
TKT00123,UK,Premium
TKT00124,India,Free
TKT00125,UK,Enterprise
TKT00126,UK,Free
TKT00127,India,Free
TKT00128,Canada,Enterprise
TKT00129,UK,Free
TKT00130,US,Free
TKT00131,Canada,Enterprise
TKT00132,India,Premium
TKT00133,India,Premium
TKT00134,US,Premium
TKT00135,UK,Premium
TKT00136,UK,Free
TKT00137,US,Premium
TKT00138,UK,Premium
TKT00139,US,Free
TKT00140,India,Enterprise
TKT00141,UK,Enterprise
TKT00142,UK,Free
TKT00143,Canada,Premium
TKT00144,Canada,Premium
TKT00145,India,Free
TKT00146,US,Premium
TKT00147,Canada,Premium
TKT00148,Canada,Free
TKT00149,Canada,Free
TKT00150,US,Free
TKT00151,India,Free
TKT00152,UK,Premium
TKT00153,India,Premium
TKT00154,India,Free
TKT00155,Canada,Premium
TKT00156,India,Free
TKT00157,India,Free
TKT00158,Canada,Free
TKT00159,UK,Premium
TKT00160,UK,Free
TKT00161,India,Enterprise
TKT00162,UK,Free
TKT00163,UK,Free
TKT00164,US,Premium
TKT00165,India,Enterprise
TKT00166,Canada,Enterprise
TKT00167,UK,Free
TKT00168,US,Free
TKT00169,India,Free
TKT00170,Canada,Free
TKT00171,US,Premium
TKT00172,India,Premium
TKT00173,UK,Premium
TKT00174,US,Premium
TKT00175,India,Free
TKT00176,US,Free
TKT00177,Canada,Premium
TKT00178,Canada,Enterprise
TKT00179,Canada,Free
TKT00180,US,Free
TKT00181,US,Premium
TKT00182,Canada,Free
TKT00183,US,Enterprise
TKT00184,UK,Premium
TKT00185,US,Premium
TKT00186,Canada,Free
TKT00187,US,Premium
TKT00188,UK,Premium
TKT00189,US,Premium
TKT00190,Canada,Free
TKT00191,UK,Premium
TKT00192,UK,Premium
TKT00193,UK,Free
TKT00194,Canada,Free
TKT00195,India,Premium
TKT00196,UK,Free
TKT00197,UK,Premium
TKT00198,Canada,Enterprise
TKT00199,US,Enterprise
TKT00200,Canada,Free
TKT00201,India,Premium
TKT00202,India,Enterprise
TKT00203,US,Free
TKT00204,India,Free
TKT00205,US,Free
TKT00206,India,Enterprise
TKT00207,US,Free
TKT00208,India,Free
TKT00209,India,Premium
TKT00210,Canada,Enterprise
TKT00211,India,Free
TKT00212,UK,Enterprise
TKT00213,Canada,Premium
TKT00214,Canada,Premium
TKT00215,US,Free
TKT00216,UK,Free
TKT00217,India,Premium
TKT00218,US,Enterprise
TKT00219,US,Enterprise
TKT00220,Canada,Free
TKT00221,US,Free
TKT00222,India,Premium
TKT00223,UK,Enterprise
TKT00224,UK,Free
TKT00225,US,Free
TKT00226,Canada,Free
TKT00227,Canada,Free
TKT00228,UK,Enterprise
TKT00229,India,Premium
TKT00230,India,Free
TKT00231,UK,Premium
TKT00232,Canada,Enterprise
TKT00233,UK,Premium
TKT00234,UK,Free
TKT00235,US,Premium
TKT00236,Canada,Free
TKT00237,UK,Premium
TKT00238,India,Free
TKT00239,Canada,Enterprise
TKT00240,UK,Free
TKT00241,Canada,Free
TKT00242,Canada,Enterprise
TKT00243,US,Free
TKT00244,US,Free
TKT00245,US,Free
TKT00246,India,Free
TKT00247,UK,Premium
TKT00248,India,Premium
TKT00249,India,Free
TKT00250,Canada,Premium
TKT00251,UK,Free
TKT00252,India,Free
TKT00253,US,Enterprise
TKT00254,US,Free
TKT00255,US,Free
TKT00256,UK,Free
TKT00257,US,Free
TKT00258,India,Free
TKT00259,Canada,Free
TKT00260,US,Free
TKT00261,UK,Free
TKT00262,Canada,Premium
TKT00263,US,Premium
TKT00264,UK,Free
TKT00265,India,Free
TKT00266,Canada,Premium
TKT00267,US,Enterprise
TKT00268,Canada,Free
TKT00269,Canada,Free
TKT00270,India,Premium
TKT00271,India,Premium
TKT00272,India,Free
TKT00273,US,Premium
TKT00274,UK,Premium
TKT00275,India,Free
TKT00276,India,Free
TKT00277,US,Free
TKT00278,UK,Free
TKT00279,UK,Free
TKT00280,Canada,Free
TKT00281,India,Free
TKT00282,India,Free
TKT00283,US,Free
TKT00284,UK,Enterprise
TKT00285,India,Premium
TKT00286,Canada,Enterprise
TKT00287,UK,Premium
TKT00288,US,Enterprise
TKT00289,UK,Free
TKT00290,Canada,Free
TKT00291,Canada,Free
TKT00292,Canada,Free
TKT00293,Canada,Premium
TKT00294,Canada,Premium
TKT00295,India,Free
TKT00296,Canada,Free
TKT00297,India,Free
TKT00298,Canada,Free
TKT00299,India,Enterprise
TKT00300,UK,Free
TKT00301,India,Free
TKT00302,UK,Free
TKT00303,US,Premium
TKT00304,UK,Free
TKT00305,India,Free
TKT00306,Canada,Enterprise
TKT00307,US,Free
TKT00308,India,Premium
TKT00309,UK,Free
TKT00310,Canada,Enterprise
TKT00311,India,Enterprise
TKT00312,UK,Premium
TKT00313,Canada,Free
TKT00314,UK,Premium
TKT00315,India,Free
TKT00316,US,Free
TKT00317,US,Enterprise
TKT00318,Canada,Premium
TKT00319,US,Enterprise
TKT00320,US,Enterprise
TKT00321,US,Enterprise
TKT00322,Canada,Enterprise
TKT00323,Canada,Enterprise
TKT00324,US,Free
TKT00325,Canada,Enterprise
TKT00326,Canada,Free
TKT00327,US,Free
TKT00328,India,Enterprise
TKT00329,UK,Premium
TKT00330,US,Free
TKT00331,UK,Enterprise
TKT00332,India,Free
TKT00333,Canada,Premium
TKT00334,Canada,Free
TKT00335,India,Free
TKT00336,UK,Premium
TKT00337,UK,Free
TKT00338,UK,Free
TKT00339,Canada,Free
TKT00340,UK,Free
TKT00341,India,Free
TKT00342,US,Enterprise
TKT00343,US,Enterprise
TKT00344,UK,Enterprise
TKT00345,US,Premium
TKT00346,India,Free
TKT00347,US,Premium
TKT00348,India,Enterprise
TKT00349,India,Free
TKT00350,US,Free
TKT00351,India,Free
TKT00352,UK,Enterprise
TKT00353,India,Premium
TKT00354,UK,Free
TKT00355,Canada,Enterprise
TKT00356,India,Free
TKT00357,US,Enterprise
TKT00358,UK,Enterprise
TKT00359,Canada,Free
TKT00360,Canada,Free
TKT00361,UK,Free
TKT00362,India,Premium
TKT00363,US,Free
TKT00364,US,Free
TKT00365,US,Enterprise
TKT00366,India,Premium
TKT00367,India,Enterprise
TKT00368,India,Premium
TKT00369,UK,Free
TKT00370,UK,Free
TKT00371,US,Enterprise
TKT00372,US,Enterprise
TKT00373,UK,Enterprise
TKT00374,India,Premium
TKT00375,US,Free
TKT00376,US,Free
TKT00377,Canada,Free
TKT00378,UK,Free
TKT00379,India,Free
TKT00380,UK,Enterprise
TKT00381,Canada,Free
TKT00382,Canada,Enterprise
TKT00383,UK,Free
TKT00384,UK,Premium
TKT00385,US,Free
TKT00386,US,Enterprise
TKT00387,Canada,Free
TKT00388,UK,Free
TKT00389,Canada,Free
TKT00390,Canada,Free
TKT00391,US,Enterprise
TKT00392,Canada,Premium
TKT00393,Canada,Free
TKT00394,US,Premium
TKT00395,UK,Free
TKT00396,India,Free
TKT00397,US,Premium
TKT00398,US,Free
TKT00399,India,Enterprise
TKT00400,India,Premium
TKT00401,US,Enterprise
TKT00402,India,Free
TKT00403,India,Enterprise
TKT00404,UK,Free
TKT00405,India,Premium
TKT00406,US,Enterprise
TKT00407,UK,Enterprise
TKT00408,India,Free
TKT00409,US,Free
TKT00410,India,Premium
TKT00411,India,Premium
TKT00412,Canada,Premium
TKT00413,US,Premium
TKT00414,UK,Free
TKT00415,US,Premium
TKT00416,UK,Free
TKT00417,US,Free
TKT00418,India,Free
TKT00419,US,Free
TKT00420,India,Free
TKT00421,UK,Enterprise
TKT00422,US,Premium
TKT00423,India,Enterprise
TKT00424,US,Enterprise
TKT00425,US,Premium
TKT00426,US,Free
TKT00427,US,Free
TKT00428,US,Enterprise
TKT00429,UK,Free
TKT00430,UK,Premium
TKT00431,India,Free
TKT00432,India,Enterprise
TKT00433,US,Free
TKT00434,US,Premium
TKT00435,India,Free
TKT00436,Canada,Premium
TKT00437,Canada,Free
TKT00438,Canada,Enterprise
TKT00439,US,Free
TKT00440,US,Free
TKT00441,India,Premium
TKT00442,Canada,Free
TKT00443,UK,Free
TKT00444,India,Premium
TKT00445,Canada,Free
TKT00446,Canada,Free
TKT00447,Canada,Free
TKT00448,US,Premium
TKT00449,Canada,Premium
TKT00450,India,Free
TKT00451,Canada,Free
TKT00452,US,Premium
TKT00453,Canada,Premium
TKT00454,India,Premium
TKT00455,India,Premium
TKT00456,Canada,Premium
TKT00457,Canada,Free
TKT00458,UK,Enterprise
TKT00459,UK,Premium
TKT00460,Canada,Premium
TKT00461,Canada,Free
TKT00462,US,Premium
TKT00463,India,Premium
TKT00464,UK,Enterprise
TKT00465,India,Free
TKT00466,UK,Free
TKT00467,Canada,Free
TKT00468,UK,Free
TKT00469,UK,Free
TKT00470,India,Premium
TKT00471,Canada,Premium
TKT00472,India,Enterprise
TKT00473,US,Enterprise
TKT00474,UK,Enterprise
TKT00475,Canada,Free
TKT00476,US,Free
TKT00477,UK,Enterprise
TKT00478,US,Free
TKT00479,US,Premium
TKT00480,UK,Enterprise
TKT00481,US,Premium
TKT00482,UK,Free
TKT00483,US,Free
TKT00484,Canada,Premium
TKT00485,Canada,Premium
TKT00486,India,Free
TKT00487,India,Free
TKT00488,Canada,Premium
TKT00489,UK,Free
TKT00490,UK,Free
TKT00491,India,Free
TKT00492,US,Premium
TKT00493,India,Premium
TKT00494,US,Free
TKT00495,US,Premium
TKT00496,UK,Premium
TKT00497,US,Free
TKT00498,UK,Premium
TKT00499,India,Free
TKT00500,UK,Premium
TKT00501,US,Premium
TKT00502,Canada,Premium
TKT00503,India,Free
TKT00504,UK,Free
TKT00505,US,Free
TKT00506,India,Free
TKT00507,US,Enterprise
TKT00508,Canada,Free
TKT00509,India,Free
TKT00510,US,Free
TKT00511,UK,Free
TKT00512,US,Free
TKT00513,India,Premium
TKT00514,India,Premium
TKT00515,Canada,Free
TKT00516,UK,Free
TKT00517,Canada,Enterprise
TKT00518,India,Free
TKT00519,India,Premium
TKT00520,UK,Premium
TKT00521,Canada,Free
TKT00522,Canada,Free
TKT00523,India,Enterprise
TKT00524,India,Free
TKT00525,US,Free
TKT00526,UK,Enterprise
TKT00527,UK,Free
TKT00528,US,Premium
TKT00529,Canada,Premium
TKT00530,US,Premium
TKT00531,India,Free
TKT00532,India,Free
TKT00533,UK,Premium
TKT00534,Canada,Free
TKT00535,India,Enterprise
TKT00536,Canada,Premium
TKT00537,Canada,Free
TKT00538,Canada,Free
TKT00539,UK,Free
TKT00540,UK,Free
TKT00541,US,Enterprise
TKT00542,UK,Free
TKT00543,US,Free
TKT00544,UK,Free
TKT00545,US,Free
TKT00546,US,Free
TKT00547,India,Premium
TKT00548,UK,Free
TKT00549,UK,Premium
TKT00550,India,Free
TKT00551,UK,Free
TKT00552,India,Free
TKT00553,US,Enterprise
TKT00554,Canada,Premium
TKT00555,Canada,Free
TKT00556,UK,Enterprise
TKT00557,India,Free
TKT00558,India,Enterprise
TKT00559,US,Free
TKT00560,Canada,Free
TKT00561,US,Free
TKT00562,UK,Free
TKT00563,US,Premium
TKT00564,India,Free
TKT00565,Canada,Enterprise
TKT00566,India,Free
TKT00567,US,Premium
TKT00568,US,Free
TKT00569,US,Free
TKT00570,US,Free
TKT00571,US,Free
TKT00572,US,Premium
TKT00573,Canada,Premium
TKT00574,US,Free
TKT00575,UK,Free
TKT00576,US,Free
TKT00577,UK,Free
TKT00578,UK,Premium
TKT00579,Canada,Free
TKT00580,US,Premium
TKT00581,US,Free
TKT00582,India,Enterprise
TKT00583,India,Premium
TKT00584,Canada,Premium
TKT00585,UK,Premium
TKT00586,UK,Free
TKT00587,US,Enterprise
TKT00588,UK,Free
TKT00589,India,Premium
TKT00590,UK,Free
TKT00591,UK,Premium
TKT00592,Canada,Free
TKT00593,India,Premium
TKT00594,US,Free
TKT00595,Canada,Free
TKT00596,India,Free
TKT00597,UK,Enterprise
TKT00598,India,Free
TKT00599,Canada,Premium
TKT00600,US,Free
TKT00601,US,Free
TKT00602,Canada,Free
TKT00603,UK,Free
TKT00604,Canada,Free
TKT00605,Canada,Premium
TKT00606,US,Free
TKT00607,Canada,Free
TKT00608,UK,Premium
TKT00609,UK,Enterprise
TKT00610,UK,Free
TKT00611,US,Free
TKT00612,UK,Enterprise
TKT00613,India,Premium
TKT00614,UK,Free
TKT00615,India,Premium
TKT00616,UK,Premium
TKT00617,Canada,Enterprise
TKT00618,UK,Free
TKT00619,Canada,Free
TKT00620,Canada,Free
TKT00621,US,Premium
TKT00622,India,Premium
TKT00623,US,Free
TKT00624,US,Premium
TKT00625,UK,Free
TKT00626,US,Premium
TKT00627,India,Free
TKT00628,India,Free
TKT00629,Canada,Free
TKT00630,UK,Premium
TKT00631,Canada,Premium
TKT00632,Canada,Enterprise
TKT00633,US,Premium
TKT00634,Canada,Free
TKT00635,Canada,Free
TKT00636,US,Premium
TKT00637,India,Free
TKT00638,Canada,Free
TKT00639,India,Free
TKT00640,US,Free
TKT00641,Canada,Enterprise
TKT00642,US,Free
TKT00643,UK,Premium
TKT00644,India,Free
TKT00645,UK,Premium
TKT00646,India,Premium
TKT00647,India,Premium
TKT00648,US,Premium
TKT00649,UK,Free
TKT00650,US,Free
TKT00651,US,Premium
TKT00652,Canada,Free
TKT00653,US,Free
TKT00654,US,Premium
TKT00655,Canada,Free
TKT00656,UK,Free
TKT00657,India,Free
TKT00658,US,Free
TKT00659,US,Premium
TKT00660,Canada,Enterprise
TKT00661,UK,Free
TKT00662,Canada,Free
TKT00663,Canada,Free
TKT00664,Canada,Enterprise
TKT00665,US,Premium
TKT00666,India,Premium
TKT00667,Canada,Free
TKT00668,UK,Free
TKT00669,UK,Free
TKT00670,US,Free
TKT00671,US,Free
TKT00672,US,Enterprise
TKT00673,US,Free
TKT00674,India,Free
TKT00675,US,Free
TKT00676,Canada,Premium
TKT00677,India,Free
TKT00678,UK,Free
TKT00679,Canada,Enterprise
TKT00680,Canada,Free
TKT00681,UK,Premium
TKT00682,US,Free
TKT00683,US,Premium
TKT00684,UK,Free
TKT00685,India,Free
TKT00686,Canada,Free
TKT00687,UK,Premium
TKT00688,US,Free
TKT00689,India,Premium
TKT00690,India,Free
TKT00691,India,Premium
TKT00692,US,Premium
TKT00693,India,Premium
TKT00694,Canada,Free
TKT00695,UK,Free
TKT00696,US,Premium
TKT00697,India,Free
TKT00698,India,Free
TKT00699,Canada,Free
TKT00700,Canada,Free
TKT00701,UK,Premium
TKT00702,Canada,Premium
TKT00703,US,Premium
TKT00704,India,Premium
TKT00705,US,Free
TKT00706,Canada,Enterprise
TKT00707,UK,Free
TKT00708,UK,Free
TKT00709,UK,Enterprise
TKT00710,UK,Premium
TKT00711,US,Enterprise
TKT00712,US,Free
TKT00713,UK,Free
TKT00714,UK,Enterprise
TKT00715,US,Free
TKT00716,India,Free
TKT00717,Canada,Premium
TKT00718,Canada,Free
TKT00719,India,Free
TKT00720,US,Premium
TKT00721,India,Free
TKT00722,Canada,Free
TKT00723,India,Enterprise
TKT00724,India,Premium
TKT00725,US,Premium
TKT00726,UK,Premium
TKT00727,Canada,Premium
TKT00728,Canada,Enterprise
TKT00729,India,Premium
TKT00730,US,Free
TKT00731,Canada,Free
TKT00732,Canada,Free
TKT00733,Canada,Free
TKT00734,Canada,Free
TKT00735,Canada,Premium
TKT00736,US,Free
TKT00737,Canada,Enterprise
TKT00738,India,Enterprise
TKT00739,Canada,Premium
TKT00740,US,Free
TKT00741,US,Premium
TKT00742,Canada,Enterprise
TKT00743,UK,Free
TKT00744,US,Enterprise
TKT00745,India,Premium
TKT00746,India,Premium
TKT00747,UK,Free
TKT00748,India,Free
TKT00749,Canada,Free
TKT00750,India,Free
TKT00751,US,Premium
TKT00752,Canada,Free
TKT00753,UK,Free
TKT00754,US,Free
TKT00755,India,Premium
TKT00756,US,Free
TKT00757,US,Free
TKT00758,Canada,Free
TKT00759,Canada,Enterprise
TKT00760,US,Enterprise
TKT00761,Canada,Enterprise
TKT00762,Canada,Free
TKT00763,India,Premium
TKT00764,Canada,Free
TKT00765,India,Free
TKT00766,India,Enterprise
TKT00767,UK,Free
TKT00768,US,Premium
TKT00769,Canada,Premium
TKT00770,India,Premium
TKT00771,India,Enterprise
TKT00772,UK,Free
TKT00773,UK,Free
TKT00774,UK,Free
TKT00775,India,Enterprise
TKT00776,Canada,Free
TKT00777,India,Premium
TKT00778,US,Free
TKT00779,UK,Premium
TKT00780,US,Free
TKT00781,India,Premium
TKT00782,UK,Enterprise
TKT00783,India,Free
TKT00784,UK,Premium
TKT00785,US,Enterprise
TKT00786,US,Premium
TKT00787,UK,Free
TKT00788,India,Free
TKT00789,UK,Premium
TKT00790,UK,Enterprise
TKT00791,UK,Free
TKT00792,India,Free
TKT00793,India,Free
TKT00794,US,Premium
TKT00795,Canada,Enterprise
TKT00796,Canada,Free
TKT00797,US,Free
TKT00798,India,Enterprise
TKT00799,US,Free
TKT00800,UK,Premium
TKT00801,UK,Premium
TKT00802,UK,Free
TKT00803,US,Enterprise
TKT00804,UK,Free
TKT00805,US,Premium
TKT00806,US,Free
TKT00807,US,Free
TKT00808,India,Enterprise
TKT00809,Canada,Free
TKT00810,US,Free
TKT00811,UK,Enterprise
TKT00812,UK,Enterprise
TKT00813,India,Premium
TKT00814,India,Free
TKT00815,Canada,Free
TKT00816,US,Free
TKT00817,India,Free
TKT00818,Canada,Free
TKT00819,India,Enterprise
TKT00820,UK,Premium
TKT00821,UK,Free
TKT00822,UK,Enterprise
TKT00823,Canada,Free
TKT00824,UK,Free
TKT00825,UK,Free
TKT00826,Canada,Free
TKT00827,India,Free
TKT00828,India,Premium
TKT00829,US,Free
TKT00830,India,Premium
TKT00831,India,Free
TKT00832,Canada,Free
TKT00833,US,Enterprise
TKT00834,India,Free
TKT00835,India,Premium
TKT00836,India,Free
TKT00837,India,Premium
TKT00838,India,Premium
TKT00839,UK,Free
TKT00840,US,Enterprise
TKT00841,India,Free
TKT00842,Canada,Free
TKT00843,Canada,Enterprise
TKT00844,UK,Enterprise
TKT00845,India,Enterprise
TKT00846,UK,Free
TKT00847,Canada,Enterprise
TKT00848,India,Free
TKT00849,UK,Enterprise
TKT00850,India,Free
TKT00851,UK,Free
TKT00852,Canada,Free
TKT00853,US,Free
TKT00854,Canada,Premium
TKT00855,US,Free
TKT00856,UK,Enterprise
TKT00857,UK,Premium
TKT00858,UK,Free
TKT00859,UK,Premium
TKT00860,Canada,Free
TKT00861,US,Free
TKT00862,Canada,Free
TKT00863,India,Enterprise
TKT00864,Canada,Premium
TKT00865,UK,Enterprise
TKT00866,US,Premium
TKT00867,India,Free
TKT00868,Canada,Enterprise
TKT00869,US,Free
TKT00870,Canada,Enterprise
TKT00871,Canada,Premium
TKT00872,UK,Premium
TKT00873,India,Enterprise
TKT00874,US,Enterprise
TKT00875,UK,Free
TKT00876,US,Premium
TKT00877,India,Premium
TKT00878,US,Enterprise
TKT00879,UK,Enterprise
TKT00880,US,Free
TKT00881,India,Premium
TKT00882,US,Free
TKT00883,US,Premium
TKT00884,Canada,Free
TKT00885,UK,Free
TKT00886,UK,Premium
TKT00887,India,Free
TKT00888,US,Free
TKT00889,India,Premium
TKT00890,India,Enterprise
TKT00891,US,Free
TKT00892,India,Free
TKT00893,UK,Free
TKT00894,UK,Premium
TKT00895,US,Enterprise
TKT00896,UK,Enterprise
TKT00897,India,Premium
TKT00898,UK,Premium
TKT00899,US,Enterprise
TKT00900,Canada,Free
TKT00901,Canada,Premium
TKT00902,Canada,Enterprise
TKT00903,India,Premium
TKT00904,Canada,Enterprise
TKT00905,UK,Free
TKT00906,US,Enterprise
TKT00907,Canada,Enterprise
TKT00908,US,Enterprise
TKT00909,UK,Free
TKT00910,UK,Premium
TKT00911,UK,Premium
TKT00912,US,Premium
TKT00913,Canada,Free
TKT00914,UK,Enterprise
TKT00915,Canada,Free
TKT00916,India,Enterprise
TKT00917,India,Premium
TKT00918,India,Premium
TKT00919,UK,Free
TKT00920,US,Free
TKT00921,US,Premium
TKT00922,Canada,Premium
TKT00923,US,Free
TKT00924,UK,Enterprise
TKT00925,UK,Premium
TKT00926,US,Free
TKT00927,UK,Free
TKT00928,India,Free
TKT00929,UK,Free
TKT00930,India,Enterprise
TKT00931,UK,Free
TKT00932,US,Free
TKT00933,UK,Enterprise
TKT00934,UK,Free
TKT00935,Canada,Premium
TKT00936,India,Premium
TKT00937,Canada,Free
TKT00938,Canada,Free
TKT00939,UK,Free
TKT00940,India,Premium
TKT00941,Canada,Premium
TKT00942,Canada,Free
TKT00943,Canada,Premium
TKT00944,US,Free
TKT00945,US,Premium
TKT00946,US,Free
TKT00947,Canada,Free
TKT00948,UK,Free
TKT00949,US,Free
TKT00950,India,Enterprise
TKT00951,India,Premium
TKT00952,Canada,Free
TKT00953,UK,Free
TKT00954,Canada,Premium
TKT00955,US,Free
TKT00956,US,Free
TKT00957,UK,Free
TKT00958,Canada,Free
TKT00959,India,Free
TKT00960,Canada,Free
TKT00961,US,Free
TKT00962,US,Free
TKT00963,Canada,Enterprise
TKT00964,US,Free
TKT00965,India,Enterprise
TKT00966,Canada,Enterprise
TKT00967,Canada,Free
TKT00968,US,Enterprise
TKT00969,Canada,Free
TKT00970,India,Free
TKT00971,India,Premium
TKT00972,US,Enterprise
TKT00973,US,Free
TKT00974,India,Enterprise
TKT00975,US,Free
TKT00976,US,Premium
TKT00977,India,Free
TKT00978,India,Free
TKT00979,Canada,Free
TKT00980,UK,Premium
TKT00981,US,Free
TKT00982,UK,Premium
TKT00983,India,Premium
TKT00984,UK,Free
TKT00985,India,Premium
TKT00986,India,Free
TKT00987,UK,Premium
TKT00988,Canada,Premium
TKT00989,US,Enterprise
TKT00990,Canada,Premium
TKT00991,India,Premium
TKT00992,Canada,Free
TKT00993,Canada,Free
TKT00994,UK,Free
TKT00995,UK,Enterprise
TKT00996,US,Free
TKT00997,US,Premium
TKT00998,US,Enterprise
TKT00999,UK,Free
TKT01000,US,Enterprise
TKT01001,UK,Premium
TKT01002,UK,Free
TKT01003,India,Premium
TKT01004,India,Premium
TKT01005,Canada,Enterprise
TKT01006,UK,Free
TKT01007,US,Enterprise
TKT01008,Canada,Free
TKT01009,India,Premium
TKT01010,US,Free
TKT01011,UK,Free
TKT01012,India,Free
TKT01013,US,Premium
TKT01014,UK,Free
TKT01015,India,Premium
TKT01016,India,Free
TKT01017,India,Enterprise
TKT01018,Canada,Free
TKT01019,US,Premium
TKT01020,US,Free
TKT01021,UK,Free
TKT01022,US,Enterprise
TKT01023,UK,Enterprise
TKT01024,US,Free
TKT01025,US,Free
TKT01026,Canada,Free
TKT01027,Canada,Free
TKT01028,India,Enterprise
TKT01029,India,Premium
TKT01030,US,Enterprise
TKT01031,US,Free
TKT01032,US,Premium
TKT01033,Canada,Free
TKT01034,Canada,Free
TKT01035,Canada,Premium
TKT01036,India,Free
TKT01037,Canada,Free
TKT01038,India,Free
TKT01039,Canada,Enterprise
TKT01040,India,Premium
TKT01041,India,Free
TKT01042,India,Premium
TKT01043,Canada,Premium
TKT01044,UK,Premium
TKT01045,US,Free
TKT01046,India,Free
TKT01047,UK,Enterprise
TKT01048,UK,Premium
TKT01049,Canada,Free
TKT01050,Canada,Free
TKT01051,US,Free
TKT01052,Canada,Free
TKT01053,UK,Enterprise
TKT01054,UK,Free
TKT01055,US,Free
TKT01056,UK,Free
TKT01057,Canada,Free
TKT01058,UK,Free
TKT01059,US,Free
TKT01060,India,Premium
TKT01061,UK,Free
TKT01062,Canada,Enterprise
TKT01063,US,Free
TKT01064,US,Free
TKT01065,UK,Free
TKT01066,India,Free
TKT01067,Canada,Free
TKT01068,Canada,Free
TKT01069,US,Free
TKT01070,Canada,Free
TKT01071,US,Premium
TKT01072,UK,Enterprise
TKT01073,India,Free
TKT01074,US,Free
TKT01075,UK,Enterprise
TKT01076,US,Enterprise
TKT01077,UK,Free
TKT01078,US,Premium
TKT01079,Canada,Premium
TKT01080,UK,Enterprise
TKT01081,US,Enterprise
TKT01082,India,Premium
TKT01083,Canada,Premium
TKT01084,US,Free
TKT01085,US,Premium
TKT01086,Canada,Enterprise
TKT01087,India,Enterprise
TKT01088,UK,Premium
TKT01089,UK,Free
TKT01090,US,Premium
TKT01091,Canada,Free
TKT01092,UK,Free
TKT01093,Canada,Free
TKT01094,UK,Enterprise
TKT01095,India,Free
TKT01096,India,Premium
TKT01097,Canada,Free
TKT01098,Canada,Free
TKT01099,UK,Free
TKT01100,India,Free
TKT01101,UK,Enterprise
TKT01102,US,Premium
TKT01103,UK,Free
TKT01104,US,Premium
TKT01105,US,Enterprise
TKT01106,Canada,Enterprise
TKT01107,US,Free
TKT01108,Canada,Free
TKT01109,Canada,Free
TKT01110,US,Free
TKT01111,India,Free
TKT01112,UK,Free
TKT01113,Canada,Premium
TKT01114,India,Premium
TKT01115,India,Free
TKT01116,India,Free
TKT01117,US,Free
TKT01118,India,Enterprise
TKT01119,India,Premium
TKT01120,Canada,Premium
TKT01121,India,Enterprise
TKT01122,US,Premium
TKT01123,US,Free
TKT01124,Canada,Free
TKT01125,UK,Free
TKT01126,UK,Premium
TKT01127,Canada,Free
TKT01128,India,Free
TKT01129,Canada,Free
TKT01130,US,Enterprise
TKT01131,India,Premium
TKT01132,Canada,Premium
TKT01133,Canada,Free
TKT01134,Canada,Free
TKT01135,India,Free
TKT01136,India,Premium
TKT01137,India,Free
TKT01138,Canada,Free
TKT01139,India,Premium
TKT01140,Canada,Free
TKT01141,India,Premium
TKT01142,India,Free
TKT01143,India,Free
TKT01144,UK,Free
TKT01145,India,Enterprise
TKT01146,Canada,Enterprise
TKT01147,UK,Premium
TKT01148,Canada,Premium
TKT01149,India,Free
TKT01150,Canada,Enterprise
TKT01151,India,Enterprise
TKT01152,UK,Premium
TKT01153,Canada,Free
TKT01154,UK,Free
TKT01155,Canada,Enterprise
TKT01156,UK,Premium
TKT01157,UK,Free
TKT01158,India,Free
TKT01159,India,Premium
TKT01160,Canada,Premium
TKT01161,UK,Free
TKT01162,UK,Premium
TKT01163,US,Free
TKT01164,UK,Free
TKT01165,US,Free
TKT01166,US,Premium
TKT01167,Canada,Premium
TKT01168,Canada,Enterprise
TKT01169,US,Free
TKT01170,Canada,Premium
TKT01171,UK,Premium
TKT01172,Canada,Enterprise
TKT01173,India,Enterprise
TKT01174,India,Enterprise
TKT01175,Canada,Free
TKT01176,Canada,Free
TKT01177,Canada,Enterprise
TKT01178,India,Premium
TKT01179,Canada,Free
TKT01180,UK,Enterprise
TKT01181,US,Free
TKT01182,UK,Free
TKT01183,Canada,Premium
TKT01184,India,Enterprise
TKT01185,US,Free
TKT01186,US,Premium
TKT01187,India,Free
TKT01188,UK,Premium
TKT01189,Canada,Free
TKT01190,Canada,Premium
TKT01191,US,Premium
TKT01192,US,Enterprise
TKT01193,US,Free
TKT01194,Canada,Premium
TKT01195,Canada,Free
TKT01196,UK,Free
TKT01197,US,Free
TKT01198,Canada,Enterprise
TKT01199,Canada,Enterprise
TKT01200,UK,Enterprise
TKT01201,India,Enterprise
TKT01202,Canada,Enterprise
TKT01203,India,Enterprise
TKT01204,India,Premium
TKT01205,UK,Premium
TKT01206,India,Free
TKT01207,India,Premium
TKT01208,Canada,Premium
TKT01209,UK,Enterprise
TKT01210,US,Enterprise
TKT01211,US,Free
TKT01212,Canada,Free
TKT01213,UK,Free
TKT01214,UK,Free
TKT01215,Canada,Free
TKT01216,Canada,Premium
TKT01217,UK,Free
TKT01218,US,Premium
TKT01219,UK,Free
TKT01220,India,Free
TKT01221,US,Premium
TKT01222,India,Free
TKT01223,India,Enterprise
TKT01224,UK,Free
TKT01225,US,Premium
TKT01226,UK,Premium
TKT01227,US,Free
TKT01228,UK,Free
TKT01229,US,Free
TKT01230,Canada,Premium
TKT01231,Canada,Free
TKT01232,UK,Enterprise
TKT01233,Canada,Premium
TKT01234,US,Enterprise
TKT01235,India,Free
TKT01236,India,Free
TKT01237,Canada,Free
TKT01238,India,Free
TKT01239,US,Enterprise
TKT01240,US,Premium
TKT01241,UK,Enterprise
TKT01242,US,Free
TKT01243,India,Enterprise
TKT01244,UK,Enterprise
TKT01245,UK,Enterprise
TKT01246,Canada,Premium
TKT01247,UK,Free
TKT01248,US,Free
TKT01249,India,Free
TKT01250,US,Free
TKT01251,UK,Free
TKT01252,India,Enterprise
TKT01253,US,Free
TKT01254,UK,Free
TKT01255,US,Free
TKT01256,India,Enterprise
TKT01257,UK,Free
TKT01258,Canada,Free
TKT01259,Canada,Premium
TKT01260,UK,Free
TKT01261,UK,Free
TKT01262,India,Free
TKT01263,India,Free
TKT01264,US,Premium
TKT01265,UK,Free
TKT01266,US,Premium
TKT01267,US,Enterprise
TKT01268,UK,Enterprise
TKT01269,UK,Premium
TKT01270,UK,Premium
TKT01271,Canada,Premium
TKT01272,India,Free
TKT01273,US,Free
TKT01274,India,Free
TKT01275,US,Free
TKT01276,Canada,Enterprise
TKT01277,India,Free
TKT01278,US,Free
TKT01279,India,Free
TKT01280,UK,Free
TKT01281,UK,Premium
TKT01282,India,Enterprise
TKT01283,Canada,Free
TKT01284,Canada,Premium
TKT01285,Canada,Enterprise
TKT01286,Canada,Free
TKT01287,UK,Premium
TKT01288,UK,Free
TKT01289,US,Free
TKT01290,UK,Premium
TKT01291,US,Enterprise
TKT01292,UK,Free
TKT01293,US,Premium
TKT01294,US,Free
TKT01295,US,Premium
TKT01296,US,Premium
TKT01297,UK,Free
TKT01298,UK,Premium
TKT01299,US,Free
TKT01300,Canada,Free
TKT01301,India,Free
TKT01302,UK,Free
TKT01303,US,Free
TKT01304,India,Enterprise
TKT01305,UK,Premium
TKT01306,US,Free
TKT01307,Canada,Free
TKT01308,India,Premium
TKT01309,US,Premium
TKT01310,US,Free
TKT01311,US,Free
TKT01312,UK,Premium
TKT01313,UK,Premium
TKT01314,Canada,Premium
TKT01315,UK,Premium
TKT01316,India,Premium
TKT01317,Canada,Premium
TKT01318,India,Enterprise
TKT01319,Canada,Premium
TKT01320,India,Free
TKT01321,India,Premium
TKT01322,UK,Free
TKT01323,UK,Premium
TKT01324,US,Free
TKT01325,US,Premium
TKT01326,UK,Premium
TKT01327,India,Free
TKT01328,UK,Free
TKT01329,UK,Premium
TKT01330,Canada,Free
TKT01331,Canada,Enterprise
TKT01332,UK,Free
TKT01333,UK,Enterprise
TKT01334,Canada,Free
TKT01335,Canada,Premium
TKT01336,India,Enterprise
TKT01337,Canada,Premium
TKT01338,India,Premium
TKT01339,UK,Free
TKT01340,US,Premium
TKT01341,India,Free
TKT01342,UK,Free
TKT01343,US,Enterprise
TKT01344,Canada,Free
TKT01345,India,Free
TKT01346,UK,Free
TKT01347,Canada,Free
TKT01348,US,Premium
TKT01349,India,Free
TKT01350,US,Enterprise
TKT01351,US,Premium
TKT01352,US,Premium
TKT01353,India,Free
TKT01354,India,Enterprise
TKT01355,US,Premium
TKT01356,India,Premium
TKT01357,Canada,Premium
TKT01358,India,Free
TKT01359,India,Enterprise
TKT01360,US,Enterprise
TKT01361,India,Premium
TKT01362,India,Premium
TKT01363,Canada,Free
TKT01364,UK,Free
TKT01365,UK,Premium
TKT01366,Canada,Free
TKT01367,Canada,Enterprise
TKT01368,Canada,Enterprise
TKT01369,US,Free
TKT01370,US,Free
TKT01371,Canada,Premium
TKT01372,India,Premium
TKT01373,US,Free
TKT01374,US,Premium
TKT01375,Canada,Enterprise
TKT01376,Canada,Free
TKT01377,India,Free
TKT01378,India,Premium
TKT01379,US,Premium
TKT01380,US,Premium
TKT01381,Canada,Free
TKT01382,UK,Free
TKT01383,US,Free
TKT01384,Canada,Premium
TKT01385,India,Free
TKT01386,UK,Free
TKT01387,Canada,Enterprise
TKT01388,UK,Free
TKT01389,India,Enterprise
TKT01390,Canada,Enterprise
TKT01391,Canada,Premium
TKT01392,US,Premium
TKT01393,India,Free
TKT01394,Canada,Enterprise
TKT01395,UK,Free
TKT01396,Canada,Free
TKT01397,India,Free
TKT01398,Canada,Free
TKT01399,Canada,Free
TKT01400,Canada,Enterprise
TKT01401,US,Enterprise
TKT01402,US,Free
TKT01403,India,Free
TKT01404,India,Enterprise
TKT01405,US,Free
TKT01406,Canada,Free
TKT01407,US,Free
TKT01408,UK,Free
TKT01409,India,Enterprise
TKT01410,India,Free
TKT01411,UK,Enterprise
TKT01412,US,Free
TKT01413,UK,Premium
TKT01414,UK,Premium
TKT01415,India,Premium
TKT01416,Canada,Premium
TKT01417,India,Free
TKT01418,Canada,Premium
TKT01419,India,Free
TKT01420,India,Enterprise
TKT01421,Canada,Free
TKT01422,UK,Free
TKT01423,Canada,Premium
TKT01424,US,Enterprise
TKT01425,India,Enterprise
TKT01426,US,Premium
TKT01427,India,Free
TKT01428,US,Premium
TKT01429,US,Enterprise
TKT01430,India,Free
TKT01431,Canada,Free
TKT01432,Canada,Premium
TKT01433,Canada,Premium
TKT01434,UK,Free
TKT01435,UK,Free
TKT01436,Canada,Enterprise
TKT01437,India,Free
TKT01438,India,Free
TKT01439,India,Free
TKT01440,India,Premium
TKT01441,US,Enterprise
TKT01442,India,Free
TKT01443,India,Free
TKT01444,US,Premium
TKT01445,Canada,Free
TKT01446,UK,Premium
TKT01447,US,Enterprise
TKT01448,UK,Free
TKT01449,US,Premium
TKT01450,UK,Premium
TKT01451,UK,Free
TKT01452,US,Premium
TKT01453,Canada,Premium
TKT01454,Canada,Free
TKT01455,Canada,Premium
TKT01456,US,Free
TKT01457,Canada,Premium
TKT01458,Canada,Free
TKT01459,US,Free
TKT01460,Canada,Enterprise
TKT01461,Canada,Free
TKT01462,UK,Premium
TKT01463,UK,Free
TKT01464,US,Enterprise
TKT01465,US,Enterprise
TKT01466,India,Enterprise
TKT01467,India,Enterprise
TKT01468,Canada,Premium
TKT01469,US,Enterprise
TKT01470,US,Free
TKT01471,Canada,Premium
TKT01472,Canada,Free
TKT01473,UK,Free
TKT01474,UK,Free
TKT01475,Canada,Premium
TKT01476,Canada,Enterprise
TKT01477,India,Free
TKT01478,India,Premium
TKT01479,Canada,Premium
TKT01480,UK,Free
TKT01481,UK,Free
TKT01482,UK,Free
TKT01483,India,Enterprise
TKT01484,India,Premium
TKT01485,US,Free
TKT01486,Canada,Free
TKT01487,US,Free
TKT01488,UK,Enterprise
TKT01489,Canada,Enterprise
TKT01490,Canada,Free
TKT01491,Canada,Free
TKT01492,Canada,Premium
TKT01493,Canada,Enterprise
TKT01494,US,Premium
TKT01495,US,Premium
TKT01496,Canada,Enterprise
TKT01497,US,Premium
TKT01498,India,Enterprise
TKT01499,US,Premium
TKT01500,UK,Free
TKT01501,UK,Enterprise
TKT01502,UK,Premium
TKT01503,US,Free
TKT01504,UK,Premium
TKT01505,UK,Free
TKT01506,Canada,Enterprise
TKT01507,UK,Premium
TKT01508,UK,Premium
TKT01509,India,Premium
TKT01510,India,Enterprise
TKT01511,Canada,Enterprise
TKT01512,Canada,Enterprise
TKT01513,India,Free
TKT01514,UK,Enterprise
TKT01515,UK,Premium
TKT01516,US,Enterprise
TKT01517,India,Free
TKT01518,UK,Free
TKT01519,Canada,Premium
TKT01520,Canada,Enterprise
TKT01521,Canada,Free
TKT01522,UK,Enterprise
TKT01523,US,Free
TKT01524,UK,Enterprise
TKT01525,Canada,Premium
TKT01526,US,Free
TKT01527,Canada,Free
TKT01528,UK,Free
TKT01529,India,Free
TKT01530,Canada,Free
TKT01531,US,Premium
TKT01532,UK,Free
TKT01533,US,Premium
TKT01534,Canada,Enterprise
TKT01535,US,Free
TKT01536,US,Free
TKT01537,India,Premium
TKT01538,US,Premium
TKT01539,Canada,Free
TKT01540,India,Free
TKT01541,Canada,Free
TKT01542,India,Free
TKT01543,India,Free
TKT01544,UK,Free
TKT01545,US,Premium
TKT01546,US,Free
TKT01547,India,Free
TKT01548,UK,Enterprise
TKT01549,UK,Enterprise
TKT01550,US,Premium
TKT01551,UK,Free
TKT01552,Canada,Premium
TKT01553,Canada,Premium
TKT01554,UK,Free
TKT01555,Canada,Free
TKT01556,India,Premium
TKT01557,UK,Free
TKT01558,US,Enterprise
TKT01559,India,Premium
TKT01560,India,Free
TKT01561,US,Free
TKT01562,Canada,Free
TKT01563,India,Premium
TKT01564,India,Premium
TKT01565,India,Enterprise
TKT01566,India,Free
TKT01567,India,Premium
TKT01568,Canada,Free
TKT01569,India,Free
TKT01570,India,Free
TKT01571,US,Free
TKT01572,India,Premium
TKT01573,UK,Enterprise
TKT01574,US,Premium
TKT01575,India,Enterprise
TKT01576,UK,Free
TKT01577,India,Free
TKT01578,US,Free
TKT01579,UK,Premium
TKT01580,UK,Premium
TKT01581,US,Premium
TKT01582,UK,Free
TKT01583,US,Premium
TKT01584,Canada,Enterprise
TKT01585,India,Free
TKT01586,UK,Free
TKT01587,Canada,Free
TKT01588,UK,Free
TKT01589,US,Free
TKT01590,US,Free
TKT01591,India,Free
TKT01592,Canada,Premium
TKT01593,India,Free
TKT01594,Canada,Enterprise
TKT01595,India,Enterprise
TKT01596,US,Free
TKT01597,UK,Free
TKT01598,India,Premium
TKT01599,India,Enterprise
TKT01600,India,Free
TKT01601,Canada,Free
TKT01602,Canada,Free
TKT01603,UK,Free
TKT01604,UK,Free
TKT01605,US,Free
TKT01606,UK,Free
TKT01607,US,Premium
TKT01608,India,Free
TKT01609,US,Free
TKT01610,Canada,Premium
TKT01611,Canada,Free
TKT01612,US,Premium
TKT01613,Canada,Premium
TKT01614,India,Enterprise
TKT01615,India,Enterprise
TKT01616,India,Premium
TKT01617,Canada,Free
TKT01618,UK,Enterprise
TKT01619,Canada,Free
TKT01620,US,Free
TKT01621,Canada,Enterprise
TKT01622,UK,Free
TKT01623,US,Premium
TKT01624,India,Enterprise
TKT01625,UK,Free
TKT01626,India,Free
TKT01627,UK,Premium
TKT01628,Canada,Free
TKT01629,UK,Enterprise
TKT01630,India,Premium
TKT01631,India,Premium
TKT01632,India,Enterprise
TKT01633,UK,Free
TKT01634,UK,Free
TKT01635,Canada,Premium
TKT01636,UK,Free
TKT01637,Canada,Enterprise
TKT01638,UK,Free
TKT01639,US,Premium
TKT01640,Canada,Free
TKT01641,Canada,Enterprise
TKT01642,Canada,Free
TKT01643,Canada,Premium
TKT01644,Canada,Free
TKT01645,UK,Free
TKT01646,India,Enterprise
TKT01647,UK,Free
TKT01648,US,Free
TKT01649,India,Free
TKT01650,US,Free
TKT01651,US,Premium
TKT01652,UK,Enterprise
TKT01653,US,Free
TKT01654,India,Free
TKT01655,UK,Enterprise
TKT01656,Canada,Enterprise
TKT01657,US,Free
TKT01658,UK,Free
TKT01659,India,Premium
TKT01660,Canada,Free
TKT01661,US,Free
TKT01662,Canada,Enterprise
TKT01663,India,Enterprise
TKT01664,US,Premium
TKT01665,Canada,Free
TKT01666,UK,Free
TKT01667,Canada,Premium
TKT01668,US,Free
TKT01669,US,Enterprise
TKT01670,India,Free
TKT01671,UK,Free
TKT01672,US,Free
TKT01673,India,Premium
TKT01674,India,Premium
TKT01675,UK,Free
TKT01676,UK,Enterprise
TKT01677,UK,Free
TKT01678,US,Premium
TKT01679,US,Enterprise
TKT01680,Canada,Free
TKT01681,US,Free
TKT01682,India,Enterprise
TKT01683,US,Enterprise
TKT01684,India,Free
TKT01685,US,Free
TKT01686,Canada,Free
TKT01687,Canada,Premium
TKT01688,India,Premium
TKT01689,UK,Enterprise
TKT01690,UK,Free
TKT01691,US,Premium
TKT01692,Canada,Free
TKT01693,Canada,Free
TKT01694,UK,Premium
TKT01695,UK,Free
TKT01696,Canada,Premium
TKT01697,US,Enterprise
TKT01698,UK,Free
TKT01699,UK,Premium
TKT01700,UK,Enterprise
TKT01701,India,Premium
TKT01702,UK,Premium
TKT01703,UK,Premium
TKT01704,US,Premium
TKT01705,US,Free
TKT01706,UK,Premium
TKT01707,India,Free
TKT01708,India,Free
TKT01709,India,Free
TKT01710,Canada,Premium
TKT01711,India,Enterprise
TKT01712,India,Premium
TKT01713,UK,Free
TKT01714,Canada,Enterprise
TKT01715,UK,Enterprise
TKT01716,US,Free
TKT01717,India,Enterprise
TKT01718,Canada,Premium
TKT01719,India,Premium
TKT01720,India,Free
TKT01721,Canada,Free
TKT01722,US,Free
TKT01723,UK,Enterprise
TKT01724,UK,Free
TKT01725,UK,Premium
TKT01726,India,Free
TKT01727,US,Free
TKT01728,India,Free
TKT01729,Canada,Free
TKT01730,India,Free
TKT01731,US,Free
TKT01732,UK,Premium
TKT01733,UK,Free
TKT01734,UK,Free
TKT01735,US,Free
TKT01736,UK,Free
TKT01737,UK,Premium
TKT01738,India,Premium
TKT01739,UK,Enterprise
TKT01740,US,Free
TKT01741,US,Premium
TKT01742,US,Free
TKT01743,Canada,Free
TKT01744,Canada,Free
TKT01745,Canada,Enterprise
TKT01746,US,Premium
TKT01747,Canada,Free
TKT01748,US,Free
TKT01749,US,Free
TKT01750,US,Premium
TKT01751,India,Free
TKT01752,Canada,Free
TKT01753,UK,Enterprise
TKT01754,UK,Free
TKT01755,Canada,Free
TKT01756,Canada,Free
TKT01757,India,Premium
TKT01758,India,Free
TKT01759,India,Free
TKT01760,UK,Free
TKT01761,India,Premium
TKT01762,US,Free
TKT01763,UK,Free
TKT01764,India,Enterprise
TKT01765,UK,Free
TKT01766,India,Free
TKT01767,India,Premium
TKT01768,US,Free
TKT01769,UK,Free
TKT01770,Canada,Enterprise
TKT01771,Canada,Free
TKT01772,India,Enterprise
TKT01773,UK,Enterprise
TKT01774,UK,Free
TKT01775,India,Free
TKT01776,UK,Free
TKT01777,Canada,Premium
TKT01778,India,Premium
TKT01779,Canada,Free
TKT01780,Canada,Free
TKT01781,US,Premium
TKT01782,UK,Premium
TKT01783,US,Free
TKT01784,US,Enterprise
TKT01785,India,Free
TKT01786,UK,Premium
TKT01787,Canada,Premium
TKT01788,India,Enterprise
TKT01789,India,Premium
TKT01790,UK,Free
TKT01791,US,Free
TKT01792,India,Free
TKT01793,US,Free
TKT01794,US,Premium
TKT01795,UK,Enterprise
TKT01796,UK,Enterprise
TKT01797,India,Free
TKT01798,India,Premium
TKT01799,Canada,Free
TKT01800,UK,Free
TKT01801,India,Free
TKT01802,UK,Premium
TKT01803,Canada,Premium
TKT01804,UK,Enterprise
TKT01805,Canada,Premium
TKT01806,UK,Premium
TKT01807,UK,Free
TKT01808,UK,Enterprise
TKT01809,US,Premium
TKT01810,Canada,Enterprise
TKT01811,US,Premium
TKT01812,US,Free
TKT01813,Canada,Free
TKT01814,Canada,Premium
TKT01815,India,Enterprise
TKT01816,Canada,Premium
TKT01817,India,Free
TKT01818,Canada,Enterprise
TKT01819,India,Free
TKT01820,US,Premium
TKT01821,US,Premium
TKT01822,UK,Free
TKT01823,US,Premium
TKT01824,UK,Enterprise
TKT01825,UK,Free
TKT01826,Canada,Free
TKT01827,UK,Free
TKT01828,India,Enterprise
TKT01829,India,Premium
TKT01830,UK,Free
TKT01831,US,Free
TKT01832,UK,Premium
TKT01833,UK,Enterprise
TKT01834,US,Enterprise
TKT01835,UK,Free
TKT01836,US,Free
TKT01837,India,Free
TKT01838,US,Free
TKT01839,UK,Free
TKT01840,Canada,Free
TKT01841,US,Free
TKT01842,Canada,Free
TKT01843,Canada,Free
TKT01844,Canada,Free
TKT01845,UK,Free
TKT01846,Canada,Free
TKT01847,Canada,Premium
TKT01848,US,Enterprise
TKT01849,India,Enterprise
TKT01850,Canada,Premium
TKT01851,Canada,Free
TKT01852,Canada,Enterprise
TKT01853,Canada,Premium
TKT01854,India,Premium
TKT01855,UK,Enterprise
TKT01856,India,Enterprise
TKT01857,India,Premium
TKT01858,US,Free
TKT01859,India,Premium
TKT01860,US,Enterprise
TKT01861,US,Premium
TKT01862,UK,Free
TKT01863,UK,Free
TKT01864,UK,Enterprise
TKT01865,UK,Premium
TKT01866,Canada,Premium
TKT01867,Canada,Free
TKT01868,US,Free
TKT01869,India,Premium
TKT01870,Canada,Free
TKT01871,US,Premium
TKT01872,India,Enterprise
TKT01873,Canada,Premium
TKT01874,India,Premium
TKT01875,India,Enterprise
TKT01876,US,Free
TKT01877,UK,Enterprise
TKT01878,Canada,Premium
TKT01879,US,Enterprise
TKT01880,India,Enterprise
TKT01881,UK,Free
TKT01882,India,Premium
TKT01883,UK,Enterprise
TKT01884,US,Premium
TKT01885,US,Free
TKT01886,Canada,Free
TKT01887,India,Free
TKT01888,US,Free
TKT01889,Canada,Free
TKT01890,India,Premium
TKT01891,Canada,Premium
TKT01892,US,Enterprise
TKT01893,India,Free
TKT01894,UK,Free
TKT01895,US,Premium
TKT01896,India,Free
TKT01897,UK,Free
TKT01898,US,Premium
TKT01899,India,Free
TKT01900,Canada,Free
TKT01901,Canada,Free
TKT01902,India,Enterprise
TKT01903,Canada,Free
TKT01904,UK,Free
TKT01905,India,Free
TKT01906,UK,Premium
TKT01907,Canada,Enterprise
TKT01908,Canada,Free
TKT01909,UK,Free
TKT01910,UK,Premium
TKT01911,Canada,Free
TKT01912,India,Free
TKT01913,US,Premium
TKT01914,India,Free
TKT01915,UK,Premium
TKT01916,UK,Free
TKT01917,US,Free
TKT01918,Canada,Free
TKT01919,Canada,Premium
TKT01920,US,Free
TKT01921,UK,Premium
TKT01922,UK,Free
TKT01923,Canada,Enterprise
TKT01924,US,Enterprise
TKT01925,India,Free
TKT01926,US,Free
TKT01927,US,Free
TKT01928,UK,Premium
TKT01929,India,Premium
TKT01930,Canada,Free
TKT01931,US,Free
TKT01932,India,Enterprise
TKT01933,Canada,Premium
TKT01934,UK,Free
TKT01935,UK,Free
TKT01936,India,Free
TKT01937,US,Free
TKT01938,US,Free
TKT01939,US,Free
TKT01940,US,Free
TKT01941,UK,Free
TKT01942,UK,Free
TKT01943,India,Free
TKT01944,UK,Free
TKT01945,UK,Enterprise
TKT01946,Canada,Enterprise
TKT01947,US,Premium
TKT01948,US,Free
TKT01949,Canada,Premium
TKT01950,India,Free
TKT01951,India,Free
TKT01952,US,Free
TKT01953,UK,Free
TKT01954,US,Free
TKT01955,Canada,Free
TKT01956,Canada,Enterprise
TKT01957,Canada,Premium
TKT01958,US,Free
TKT01959,US,Free
TKT01960,UK,Premium
TKT01961,India,Free
TKT01962,Canada,Premium
TKT01963,Canada,Free
TKT01964,US,Free
TKT01965,UK,Free
TKT01966,US,Enterprise
TKT01967,US,Free
TKT01968,India,Free
TKT01969,US,Enterprise
TKT01970,UK,Premium
TKT01971,US,Premium
TKT01972,US,Premium
TKT01973,US,Premium
TKT01974,US,Enterprise
TKT01975,Canada,Free
TKT01976,UK,Premium
TKT01977,Canada,Enterprise
TKT01978,India,Free
TKT01979,US,Enterprise
TKT01980,India,Premium
TKT01981,US,Free
TKT01982,India,Premium
TKT01983,US,Premium
TKT01984,Canada,Free
TKT01985,India,Enterprise
TKT01986,UK,Free
TKT01987,UK,Free
TKT01988,India,Free
TKT01989,UK,Enterprise
TKT01990,US,Enterprise
TKT01991,Canada,Free
TKT01992,India,Free
TKT01993,UK,Premium
TKT01994,India,Free
TKT01995,India,Premium
TKT01996,UK,Free
TKT01997,Canada,Free
TKT01998,India,Free
TKT01999,US,Free
TKT02000,UK,Premium
TKT02001,Canada,Free
TKT02002,US,Enterprise
TKT02003,Canada,Free
TKT02004,UK,Premium
TKT02005,UK,Free
TKT02006,Canada,Enterprise
TKT02007,India,Free
TKT02008,US,Premium
TKT02009,US,Premium
TKT02010,India,Enterprise
TKT02011,India,Free
TKT02012,India,Free
TKT02013,India,Free
TKT02014,US,Free
TKT02015,US,Premium
TKT02016,UK,Enterprise
TKT02017,US,Premium
TKT02018,Canada,Free
TKT02019,UK,Free
TKT02020,UK,Free
TKT02021,UK,Enterprise
TKT02022,India,Free
TKT02023,UK,Premium
TKT02024,India,Free
TKT02025,Canada,Premium
TKT02026,UK,Free
TKT02027,UK,Enterprise
TKT02028,US,Free
TKT02029,UK,Free
TKT02030,India,Free
TKT02031,India,Free
TKT02032,India,Free
TKT02033,US,Premium
TKT02034,US,Enterprise
TKT02035,India,Enterprise
TKT02036,US,Free
TKT02037,UK,Free
TKT02038,US,Free
TKT02039,US,Premium
TKT02040,US,Enterprise
TKT02041,India,Free
TKT02042,India,Free
TKT02043,UK,Free
TKT02044,US,Premium
TKT02045,Canada,Enterprise
TKT02046,Canada,Free
TKT02047,Canada,Free
TKT02048,Canada,Free
TKT02049,UK,Free
TKT02050,India,Free
TKT02051,India,Free
TKT02052,Canada,Premium
TKT02053,India,Free
TKT02054,US,Enterprise
TKT02055,UK,Premium
TKT02056,Canada,Free
TKT02057,US,Enterprise
TKT02058,India,Free
TKT02059,India,Free
TKT02060,Canada,Free
TKT02061,US,Premium
TKT02062,India,Premium
TKT02063,US,Premium
TKT02064,UK,Enterprise
TKT02065,Canada,Enterprise
TKT02066,UK,Enterprise
TKT02067,India,Enterprise
TKT02068,India,Premium
TKT02069,UK,Free
TKT02070,India,Enterprise
TKT02071,India,Premium
TKT02072,India,Premium
TKT02073,US,Enterprise
TKT02074,UK,Enterprise
TKT02075,UK,Free
TKT02076,UK,Enterprise
TKT02077,Canada,Premium
TKT02078,US,Enterprise
TKT02079,India,Enterprise
TKT02080,UK,Free
TKT02081,UK,Free
TKT02082,UK,Enterprise
TKT02083,US,Premium
TKT02084,India,Free
TKT02085,UK,Free
TKT02086,US,Enterprise
TKT02087,US,Premium
TKT02088,UK,Free
TKT02089,US,Free
TKT02090,Canada,Premium
TKT02091,India,Premium
TKT02092,US,Enterprise
TKT02093,Canada,Free
TKT02094,UK,Premium
TKT02095,India,Enterprise
TKT02096,India,Premium
TKT02097,Canada,Premium
TKT02098,UK,Free
TKT02099,India,Free
TKT02100,UK,Free
TKT02101,UK,Enterprise
TKT02102,US,Premium
TKT02103,UK,Enterprise
TKT02104,Canada,Premium
TKT02105,US,Free
TKT02106,US,Premium
TKT02107,UK,Enterprise
TKT02108,UK,Free
TKT02109,India,Premium
TKT02110,US,Free
TKT02111,US,Enterprise
TKT02112,India,Premium
TKT02113,India,Premium
TKT02114,UK,Free
TKT02115,US,Free
TKT02116,India,Free
TKT02117,India,Free
TKT02118,US,Enterprise
TKT02119,US,Free
TKT02120,Canada,Enterprise
TKT02121,India,Premium
TKT02122,UK,Free
TKT02123,UK,Free
TKT02124,Canada,Free
TKT02125,Canada,Enterprise
TKT02126,US,Free
TKT02127,India,Free
TKT02128,Canada,Premium
TKT02129,India,Free
TKT02130,US,Free
TKT02131,Canada,Premium
TKT02132,Canada,Premium
TKT02133,UK,Free
TKT02134,US,Premium
TKT02135,UK,Enterprise
TKT02136,India,Enterprise
TKT02137,US,Premium
TKT02138,US,Free
TKT02139,Canada,Enterprise
TKT02140,India,Premium
TKT02141,Canada,Premium
TKT02142,Canada,Enterprise
TKT02143,India,Free
TKT02144,Canada,Premium
TKT02145,UK,Free
TKT02146,India,Premium
TKT02147,India,Premium
TKT02148,UK,Free
TKT02149,Canada,Free
TKT02150,US,Free
TKT02151,India,Premium
TKT02152,Canada,Free
TKT02153,UK,Free
TKT02154,US,Enterprise
TKT02155,Canada,Free
TKT02156,US,Free
TKT02157,UK,Free
TKT02158,India,Free
TKT02159,Canada,Enterprise
TKT02160,Canada,Free
TKT02161,US,Premium
TKT02162,UK,Premium
TKT02163,US,Free
TKT02164,Canada,Premium
TKT02165,US,Enterprise
TKT02166,UK,Free
TKT02167,US,Free
TKT02168,UK,Enterprise
TKT02169,India,Free
TKT02170,UK,Premium
TKT02171,UK,Free
TKT02172,US,Free
TKT02173,US,Free
TKT02174,Canada,Premium
TKT02175,India,Free
TKT02176,UK,Free
TKT02177,India,Enterprise
TKT02178,US,Premium
TKT02179,Canada,Enterprise
TKT02180,India,Enterprise
TKT02181,Canada,Free
TKT02182,UK,Free
TKT02183,Canada,Free
TKT02184,Canada,Free
TKT02185,India,Premium
TKT02186,India,Free
TKT02187,US,Premium
TKT02188,Canada,Enterprise
TKT02189,Canada,Premium
TKT02190,Canada,Premium
TKT02191,US,Premium
TKT02192,Canada,Premium
TKT02193,US,Enterprise
TKT02194,Canada,Free
TKT02195,UK,Premium
TKT02196,US,Premium
TKT02197,UK,Premium
TKT02198,Canada,Free
TKT02199,Canada,Enterprise
TKT02200,Canada,Free
TKT02201,Canada,Premium
TKT02202,UK,Free
TKT02203,US,Premium
TKT02204,UK,Free
TKT02205,US,Enterprise
TKT02206,Canada,Free
TKT02207,US,Enterprise
TKT02208,India,Premium
TKT02209,India,Premium
TKT02210,US,Premium
TKT02211,India,Free
TKT02212,UK,Enterprise
TKT02213,Canada,Free
TKT02214,UK,Premium
TKT02215,Canada,Premium
TKT02216,Canada,Premium
TKT02217,US,Premium
TKT02218,US,Premium
TKT02219,Canada,Free
TKT02220,Canada,Free
TKT02221,US,Premium
TKT02222,UK,Free
TKT02223,Canada,Premium
TKT02224,US,Free
TKT02225,India,Premium
TKT02226,Canada,Free
TKT02227,Canada,Free
TKT02228,UK,Free
TKT02229,India,Free
TKT02230,UK,Premium
TKT02231,UK,Premium
TKT02232,US,Free
TKT02233,India,Premium
TKT02234,Canada,Enterprise
TKT02235,UK,Enterprise
TKT02236,India,Enterprise
TKT02237,Canada,Premium
TKT02238,Canada,Free
TKT02239,Canada,Free
TKT02240,US,Free
TKT02241,India,Enterprise
TKT02242,UK,Enterprise
TKT02243,UK,Free
TKT02244,UK,Premium
TKT02245,US,Premium
TKT02246,Canada,Free
TKT02247,India,Free
TKT02248,India,Free
TKT02249,India,Free
TKT02250,UK,Free
TKT02251,Canada,Free
TKT02252,India,Free
TKT02253,UK,Free
TKT02254,UK,Free
TKT02255,Canada,Free
TKT02256,US,Free
TKT02257,UK,Free
TKT02258,UK,Free
TKT02259,Canada,Free
TKT02260,India,Free
TKT02261,US,Enterprise
TKT02262,US,Premium
TKT02263,US,Free
TKT02264,India,Premium
TKT02265,India,Free
TKT02266,Canada,Free
TKT02267,US,Premium
TKT02268,UK,Free
TKT02269,India,Premium
TKT02270,US,Premium
TKT02271,UK,Premium
TKT02272,UK,Free
TKT02273,UK,Premium
TKT02274,Canada,Enterprise
TKT02275,Canada,Enterprise
TKT02276,US,Enterprise
TKT02277,Canada,Free
TKT02278,UK,Free
TKT02279,US,Premium
TKT02280,US,Premium
TKT02281,Canada,Premium
TKT02282,US,Free
TKT02283,Canada,Free
TKT02284,Canada,Free
TKT02285,UK,Premium
TKT02286,India,Free
TKT02287,US,Premium
TKT02288,India,Free
TKT02289,US,Free
TKT02290,India,Free
TKT02291,India,Premium
TKT02292,US,Free
TKT02293,UK,Free
TKT02294,Canada,Enterprise
TKT02295,Canada,Premium
TKT02296,India,Premium
TKT02297,US,Enterprise
TKT02298,India,Free
TKT02299,Canada,Enterprise
TKT02300,Canada,Free
TKT02301,UK,Enterprise
TKT02302,UK,Free
TKT02303,US,Enterprise
TKT02304,India,Free
TKT02305,Canada,Free
TKT02306,UK,Free
TKT02307,US,Free
TKT02308,India,Free
TKT02309,Canada,Free
TKT02310,US,Premium
TKT02311,Canada,Free
TKT02312,US,Enterprise
TKT02313,UK,Free
TKT02314,Canada,Premium
TKT02315,US,Free
TKT02316,US,Free
TKT02317,US,Free
TKT02318,UK,Enterprise
TKT02319,Canada,Free
TKT02320,India,Enterprise
TKT02321,UK,Premium
TKT02322,India,Free
TKT02323,Canada,Enterprise
TKT02324,Canada,Free
TKT02325,Canada,Free
TKT02326,India,Free
TKT02327,India,Enterprise
TKT02328,UK,Free
TKT02329,US,Free
TKT02330,India,Free
TKT02331,US,Premium
TKT02332,UK,Free
TKT02333,US,Premium
TKT02334,India,Enterprise
TKT02335,UK,Free
TKT02336,India,Free
TKT02337,US,Free
TKT02338,Canada,Free
TKT02339,India,Free
TKT02340,UK,Free
TKT02341,UK,Premium
TKT02342,US,Premium
TKT02343,US,Premium
TKT02344,India,Free
TKT02345,India,Free
TKT02346,Canada,Premium
TKT02347,Canada,Enterprise
TKT02348,Canada,Enterprise
TKT02349,India,Free
TKT02350,India,Premium
TKT02351,UK,Free
TKT02352,UK,Premium
TKT02353,India,Free
TKT02354,India,Premium
TKT02355,UK,Enterprise
TKT02356,UK,Premium
TKT02357,Canada,Premium
TKT02358,US,Free
TKT02359,Canada,Premium
TKT02360,UK,Free
TKT02361,India,Free
TKT02362,India,Free
TKT02363,Canada,Premium
TKT02364,UK,Free
TKT02365,US,Premium
TKT02366,Canada,Enterprise
TKT02367,UK,Free
TKT02368,UK,Premium
TKT02369,Canada,Free
TKT02370,UK,Free
TKT02371,UK,Free
TKT02372,India,Premium
TKT02373,India,Premium
TKT02374,India,Free
TKT02375,UK,Premium
TKT02376,US,Free
TKT02377,India,Free
TKT02378,Canada,Free
TKT02379,Canada,Premium
TKT02380,US,Free
TKT02381,Canada,Premium
TKT02382,Canada,Free
TKT02383,India,Premium
TKT02384,Canada,Free
TKT02385,India,Free
TKT02386,India,Free
TKT02387,US,Free
TKT02388,Canada,Premium
TKT02389,UK,Free
TKT02390,UK,Free
TKT02391,India,Premium
TKT02392,India,Premium
TKT02393,UK,Free
TKT02394,India,Enterprise
TKT02395,US,Enterprise
TKT02396,UK,Free
TKT02397,US,Enterprise
TKT02398,UK,Free
TKT02399,UK,Enterprise
TKT02400,India,Premium
TKT02401,India,Free
TKT02402,India,Enterprise
TKT02403,India,Enterprise
TKT02404,Canada,Premium
TKT02405,UK,Premium
TKT02406,India,Premium
TKT02407,India,Free
TKT02408,UK,Free
TKT02409,US,Free
TKT02410,US,Premium
TKT02411,Canada,Premium
TKT02412,India,Free
TKT02413,Canada,Free
TKT02414,India,Free
TKT02415,UK,Free
TKT02416,US,Enterprise
TKT02417,India,Enterprise
TKT02418,Canada,Free
TKT02419,UK,Premium
TKT02420,UK,Free
TKT02421,Canada,Premium
TKT02422,UK,Enterprise
TKT02423,India,Free
TKT02424,US,Free
TKT02425,US,Free
TKT02426,UK,Enterprise
TKT02427,Canada,Free
TKT02428,UK,Free
TKT02429,UK,Enterprise
TKT02430,US,Free
TKT02431,Canada,Premium
TKT02432,India,Premium
TKT02433,US,Free
TKT02434,India,Enterprise
TKT02435,India,Premium
TKT02436,US,Free
TKT02437,UK,Premium
TKT02438,UK,Free
TKT02439,Canada,Free
TKT02440,Canada,Enterprise
TKT02441,Canada,Enterprise
TKT02442,US,Free
TKT02443,US,Premium
TKT02444,US,Premium
TKT02445,Canada,Premium
TKT02446,India,Free
TKT02447,India,Premium
TKT02448,Canada,Free
TKT02449,UK,Free
TKT02450,Canada,Free
TKT02451,UK,Free
TKT02452,US,Premium
TKT02453,India,Premium
TKT02454,US,Free
TKT02455,India,Enterprise
TKT02456,Canada,Enterprise
TKT02457,UK,Premium
TKT02458,India,Premium
TKT02459,UK,Premium
TKT02460,India,Premium
TKT02461,US,Enterprise
TKT02462,Canada,Premium
TKT02463,Canada,Premium
TKT02464,Canada,Free
TKT02465,India,Enterprise
TKT02466,Canada,Free
TKT02467,Canada,Premium
TKT02468,India,Premium
TKT02469,Canada,Enterprise
TKT02470,Canada,Free
TKT02471,UK,Free
TKT02472,India,Free
TKT02473,UK,Premium
TKT02474,UK,Enterprise
TKT02475,US,Premium
TKT02476,UK,Free
TKT02477,UK,Free
TKT02478,US,Free
TKT02479,UK,Free
TKT02480,India,Free
TKT02481,US,Premium
TKT02482,UK,Free
TKT02483,Canada,Premium
TKT02484,Canada,Free
TKT02485,UK,Free
TKT02486,India,Enterprise
TKT02487,US,Premium
TKT02488,US,Free
TKT02489,US,Enterprise
TKT02490,US,Free
TKT02491,US,Free
TKT02492,India,Enterprise
TKT02493,US,Premium
TKT02494,UK,Free
TKT02495,Canada,Enterprise
TKT02496,India,Premium
TKT02497,India,Premium
TKT02498,India,Free
TKT02499,India,Free
TKT02500,Canada,Enterprise
TKT02501,Canada,Free
TKT02502,India,Premium
TKT02503,US,Premium
TKT02504,India,Premium
TKT02505,India,Enterprise
TKT02506,Canada,Free
TKT02507,India,Free
TKT02508,Canada,Enterprise
TKT02509,Canada,Free
TKT02510,Canada,Premium
TKT02511,US,Free
TKT02512,India,Free
TKT02513,UK,Free
TKT02514,UK,Free
TKT02515,US,Free
TKT02516,India,Enterprise
TKT02517,US,Free
TKT02518,UK,Premium
TKT02519,India,Free
TKT02520,UK,Enterprise
TKT02521,Canada,Premium
TKT02522,US,Premium
TKT02523,US,Enterprise
TKT02524,India,Free
TKT02525,India,Enterprise
TKT02526,UK,Free
TKT02527,UK,Enterprise
TKT02528,UK,Premium
TKT02529,US,Free
TKT02530,US,Free
TKT02531,US,Free
TKT02532,UK,Premium
TKT02533,India,Free
TKT02534,India,Enterprise
TKT02535,Canada,Premium
TKT02536,UK,Free
TKT02537,US,Premium
TKT02538,US,Free
TKT02539,UK,Free
TKT02540,US,Enterprise
TKT02541,India,Free
TKT02542,UK,Free
TKT02543,India,Premium
TKT02544,UK,Enterprise
TKT02545,UK,Enterprise
TKT02546,India,Free
TKT02547,Canada,Free
TKT02548,Canada,Free
TKT02549,India,Premium
TKT02550,India,Premium
TKT02551,India,Free
TKT02552,Canada,Free
TKT02553,India,Premium
TKT02554,UK,Premium
TKT02555,UK,Enterprise
TKT02556,India,Free
TKT02557,India,Premium
TKT02558,India,Free
TKT02559,US,Free
TKT02560,UK,Premium
TKT02561,India,Premium
TKT02562,US,Free
TKT02563,Canada,Free
TKT02564,India,Free
TKT02565,UK,Enterprise
TKT02566,India,Free
TKT02567,US,Enterprise
TKT02568,Canada,Free
TKT02569,US,Free
TKT02570,UK,Premium
TKT02571,Canada,Free
TKT02572,UK,Enterprise
TKT02573,Canada,Free
TKT02574,Canada,Free
TKT02575,Canada,Enterprise
TKT02576,India,Premium
TKT02577,US,Premium
TKT02578,India,Free
TKT02579,Canada,Free
TKT02580,US,Free
TKT02581,Canada,Premium
TKT02582,India,Free
TKT02583,Canada,Enterprise
TKT02584,India,Free
TKT02585,UK,Free
TKT02586,India,Free
TKT02587,UK,Free
TKT02588,UK,Free
TKT02589,UK,Premium
TKT02590,India,Premium
TKT02591,India,Free
TKT02592,UK,Premium
TKT02593,US,Enterprise
TKT02594,UK,Free
TKT02595,India,Free
TKT02596,India,Premium
TKT02597,Canada,Free
TKT02598,India,Free
TKT02599,US,Premium
TKT02600,India,Free
TKT02601,Canada,Premium
TKT02602,India,Free
TKT02603,Canada,Enterprise
TKT02604,UK,Enterprise
TKT02605,India,Free
TKT02606,US,Premium
TKT02607,India,Free
TKT02608,UK,Free
TKT02609,India,Enterprise
TKT02610,US,Free
TKT02611,India,Free
TKT02612,Canada,Free
TKT02613,UK,Free
TKT02614,Canada,Free
TKT02615,India,Enterprise
TKT02616,UK,Premium
TKT02617,India,Free
TKT02618,US,Free
TKT02619,UK,Free
TKT02620,US,Enterprise
TKT02621,UK,Premium
TKT02622,Canada,Free
TKT02623,Canada,Enterprise
TKT02624,UK,Enterprise
TKT02625,US,Premium
TKT02626,Canada,Enterprise
TKT02627,Canada,Free
TKT02628,Canada,Free
TKT02629,Canada,Enterprise
TKT02630,Canada,Free
TKT02631,Canada,Free
TKT02632,India,Free
TKT02633,India,Premium
TKT02634,UK,Premium
TKT02635,UK,Enterprise
TKT02636,India,Premium
TKT02637,UK,Enterprise
TKT02638,Canada,Premium
TKT02639,UK,Free
TKT02640,India,Premium
TKT02641,UK,Free
TKT02642,US,Free
TKT02643,India,Free
TKT02644,Canada,Premium
TKT02645,UK,Premium
TKT02646,Canada,Premium
TKT02647,UK,Free
TKT02648,India,Free
TKT02649,UK,Premium
TKT02650,Canada,Free
TKT02651,India,Free
TKT02652,Canada,Enterprise
TKT02653,UK,Enterprise
TKT02654,India,Free
TKT02655,UK,Free
TKT02656,India,Premium
TKT02657,US,Free
TKT02658,Canada,Free
TKT02659,UK,Premium
TKT02660,UK,Premium
TKT02661,India,Premium
TKT02662,Canada,Enterprise
TKT02663,India,Premium
TKT02664,US,Premium
TKT02665,US,Enterprise
TKT02666,Canada,Free
TKT02667,Canada,Premium
TKT02668,UK,Enterprise
TKT02669,Canada,Enterprise
TKT02670,UK,Free
TKT02671,UK,Free
TKT02672,India,Free
TKT02673,Canada,Premium
TKT02674,UK,Free
TKT02675,US,Free
TKT02676,UK,Free
TKT02677,US,Free
TKT02678,US,Enterprise
TKT02679,Canada,Free
TKT02680,India,Free
TKT02681,UK,Free
TKT02682,US,Premium
TKT02683,Canada,Free
TKT02684,India,Premium
TKT02685,US,Free
TKT02686,UK,Free
TKT02687,India,Free
TKT02688,UK,Premium
TKT02689,India,Free
TKT02690,UK,Free
TKT02691,UK,Premium
TKT02692,Canada,Free
TKT02693,US,Free
TKT02694,UK,Free
TKT02695,US,Enterprise
TKT02696,UK,Free
TKT02697,US,Free
TKT02698,India,Free
TKT02699,US,Premium
TKT02700,India,Enterprise
TKT02701,Canada,Premium
TKT02702,Canada,Premium
TKT02703,Canada,Free
TKT02704,Canada,Enterprise
TKT02705,US,Premium
TKT02706,India,Enterprise
TKT02707,UK,Enterprise
TKT02708,Canada,Premium
TKT02709,India,Free
TKT02710,Canada,Enterprise
TKT02711,US,Enterprise
TKT02712,Canada,Premium
TKT02713,UK,Free
TKT02714,Canada,Premium
TKT02715,US,Premium
TKT02716,UK,Free
TKT02717,Canada,Free
TKT02718,India,Free
TKT02719,UK,Enterprise
TKT02720,US,Premium
TKT02721,Canada,Free
TKT02722,India,Premium
TKT02723,US,Free
TKT02724,US,Free
TKT02725,UK,Premium
TKT02726,India,Free
TKT02727,UK,Free
TKT02728,UK,Premium
TKT02729,India,Premium
TKT02730,India,Free
TKT02731,Canada,Premium
TKT02732,India,Premium
TKT02733,India,Premium
TKT02734,US,Free
TKT02735,India,Free
TKT02736,Canada,Enterprise
TKT02737,Canada,Premium
TKT02738,UK,Premium
TKT02739,UK,Premium
TKT02740,India,Free
TKT02741,India,Free
TKT02742,UK,Free
TKT02743,India,Enterprise
TKT02744,India,Free
TKT02745,UK,Free
TKT02746,UK,Free
TKT02747,Canada,Enterprise
TKT02748,Canada,Premium
TKT02749,Canada,Free
TKT02750,India,Premium
TKT02751,UK,Free
TKT02752,Canada,Premium
TKT02753,Canada,Free
TKT02754,India,Free
TKT02755,Canada,Free
TKT02756,Canada,Premium
TKT02757,UK,Enterprise
TKT02758,Canada,Free
TKT02759,India,Free
TKT02760,US,Free
TKT02761,US,Free
TKT02762,India,Free
TKT02763,India,Free
TKT02764,Canada,Premium
TKT02765,Canada,Enterprise
TKT02766,Canada,Free
TKT02767,UK,Free
TKT02768,US,Free
TKT02769,India,Free
TKT02770,US,Enterprise
TKT02771,Canada,Enterprise
TKT02772,India,Free
TKT02773,India,Free
TKT02774,US,Premium
TKT02775,India,Premium
TKT02776,UK,Free
TKT02777,Canada,Enterprise
TKT02778,India,Free
TKT02779,India,Free
TKT02780,Canada,Free
TKT02781,UK,Premium
TKT02782,US,Enterprise
TKT02783,Canada,Free
TKT02784,Canada,Premium
TKT02785,US,Premium
TKT02786,US,Enterprise
TKT02787,US,Free
TKT02788,India,Premium
TKT02789,US,Free
TKT02790,UK,Free
TKT02791,India,Free
TKT02792,UK,Free
TKT02793,UK,Premium
TKT02794,India,Enterprise
TKT02795,India,Free
TKT02796,India,Free
TKT02797,US,Free
TKT02798,Canada,Enterprise
TKT02799,India,Free
TKT02800,Canada,Premium
TKT02801,Canada,Premium
TKT02802,India,Free
TKT02803,UK,Free
TKT02804,India,Free
TKT02805,UK,Premium
TKT02806,India,Premium
TKT02807,India,Free
TKT02808,Canada,Enterprise
TKT02809,US,Enterprise
TKT02810,Canada,Free
TKT02811,Canada,Free
TKT02812,UK,Premium
TKT02813,UK,Free
TKT02814,Canada,Enterprise
TKT02815,US,Premium
TKT02816,US,Free
TKT02817,UK,Premium
TKT02818,US,Premium
TKT02819,US,Free
TKT02820,India,Free
TKT02821,UK,Enterprise
TKT02822,UK,Free
TKT02823,US,Enterprise
TKT02824,India,Premium
TKT02825,India,Premium
TKT02826,India,Free
TKT02827,India,Free
TKT02828,India,Premium
TKT02829,US,Free
TKT02830,UK,Premium
TKT02831,Canada,Premium
TKT02832,India,Free
TKT02833,US,Free
TKT02834,US,Premium
TKT02835,India,Enterprise
TKT02836,UK,Enterprise
TKT02837,Canada,Premium
TKT02838,UK,Free
TKT02839,US,Free
TKT02840,UK,Free
TKT02841,UK,Premium
TKT02842,Canada,Premium
TKT02843,Canada,Free
TKT02844,US,Free
TKT02845,UK,Free
TKT02846,US,Premium
TKT02847,India,Free
TKT02848,US,Premium
TKT02849,Canada,Premium
TKT02850,India,Free
TKT02851,Canada,Free
TKT02852,India,Premium
TKT02853,UK,Enterprise
TKT02854,US,Free
TKT02855,Canada,Free
TKT02856,Canada,Free
TKT02857,US,Free
TKT02858,Canada,Premium
TKT02859,India,Free
TKT02860,India,Free
TKT02861,UK,Enterprise
TKT02862,UK,Enterprise
TKT02863,US,Free
TKT02864,Canada,Premium
TKT02865,UK,Free
TKT02866,US,Premium
TKT02867,US,Premium
TKT02868,US,Free
TKT02869,India,Premium
TKT02870,US,Premium
TKT02871,Canada,Free
TKT02872,India,Enterprise
TKT02873,Canada,Free
TKT02874,UK,Free
TKT02875,US,Enterprise
TKT02876,India,Free
TKT02877,UK,Free
TKT02878,India,Premium
TKT02879,India,Free
TKT02880,US,Free
TKT02881,US,Premium
TKT02882,India,Free
TKT02883,UK,Free
TKT02884,India,Enterprise
TKT02885,UK,Free
TKT02886,US,Enterprise
TKT02887,Canada,Premium
TKT02888,US,Free
TKT02889,India,Free
TKT02890,India,Enterprise
TKT02891,Canada,Free
TKT02892,US,Premium
TKT02893,UK,Enterprise
TKT02894,US,Free
TKT02895,India,Free
TKT02896,India,Premium
TKT02897,Canada,Premium
TKT02898,Canada,Enterprise
TKT02899,US,Enterprise
TKT02900,Canada,Premium
TKT02901,UK,Enterprise
TKT02902,UK,Enterprise
TKT02903,UK,Free
TKT02904,US,Free
TKT02905,Canada,Enterprise
TKT02906,UK,Premium
TKT02907,UK,Premium
TKT02908,India,Free
TKT02909,UK,Premium
TKT02910,India,Free
TKT02911,US,Free
TKT02912,US,Enterprise
TKT02913,Canada,Premium
TKT02914,India,Premium
TKT02915,UK,Enterprise
TKT02916,UK,Free
TKT02917,UK,Free
TKT02918,US,Free
TKT02919,US,Free
TKT02920,US,Free
TKT02921,US,Free
TKT02922,India,Free
TKT02923,UK,Enterprise
TKT02924,India,Enterprise
TKT02925,US,Enterprise
TKT02926,India,Premium
TKT02927,Canada,Premium
TKT02928,UK,Free
TKT02929,US,Free
TKT02930,Canada,Premium
TKT02931,India,Premium
TKT02932,US,Enterprise
TKT02933,India,Enterprise
TKT02934,India,Enterprise
TKT02935,US,Free
TKT02936,India,Premium
TKT02937,UK,Enterprise
TKT02938,Canada,Premium
TKT02939,UK,Free
TKT02940,India,Premium
TKT02941,UK,Premium
TKT02942,US,Premium
TKT02943,UK,Premium
TKT02944,UK,Premium
TKT02945,Canada,Free
TKT02946,US,Free
TKT02947,Canada,Premium
TKT02948,India,Free
TKT02949,India,Free
TKT02950,Canada,Premium
TKT02951,UK,Premium
TKT02952,US,Enterprise
TKT02953,India,Free
TKT02954,US,Free
TKT02955,India,Enterprise
TKT02956,India,Enterprise
TKT02957,US,Free
TKT02958,Canada,Premium
TKT02959,UK,Free
TKT02960,Canada,Premium
TKT02961,Canada,Free
TKT02962,Canada,Premium
TKT02963,India,Premium
TKT02964,India,Enterprise
TKT02965,US,Premium
TKT02966,US,Free
TKT02967,US,Premium
TKT02968,India,Premium
TKT02969,US,Free
TKT02970,India,Premium
TKT02971,UK,Free
TKT02972,Canada,Free
TKT02973,India,Premium
TKT02974,US,Premium
TKT02975,Canada,Enterprise
TKT02976,India,Free
TKT02977,US,Premium
TKT02978,Canada,Premium
TKT02979,India,Free
TKT02980,Canada,Free
TKT02981,Canada,Free
TKT02982,UK,Enterprise
TKT02983,UK,Premium
TKT02984,Canada,Free
TKT02985,Canada,Free
TKT02986,UK,Enterprise
TKT02987,US,Free
TKT02988,US,Enterprise
TKT02989,UK,Free
TKT02990,UK,Free
TKT02991,Canada,Free
TKT02992,India,Free
TKT02993,UK,Premium
TKT02994,US,Free
TKT02995,India,Free
TKT02996,India,Premium
TKT02997,India,Free
TKT02998,UK,Free
TKT02999,UK,Free
